PMID,Title,Authors,Citation,First Author,Journal/Book,Publication Year,Create Date,PMCID,NIHMS ID,DOI
"40954616","Effect of osteopathic manipulative treatment on pain, flexibility, autonomic modulation of heart rate, energy and thermal profile in patients with chronic low back pain. blind randomized clinical trial","Hartz CS, Almeida de Molon Mendes M, Buck KH, Moreno MA, Bortolazzo GL.","J Bodyw Mov Ther. 2025 Oct;44:452-461. doi: 10.1016/j.jbmt.2025.06.003. Epub 2025 Jun 3.","Hartz CS","J Bodyw Mov Ther","2025","2025/09/16","","","10.1016/j.jbmt.2025.06.003"
"32756930","Effect of Spinal Manipulative and Mobilization Therapies in Young Adults With Mild to Moderate Chronic Low Back Pain: A Randomized Clinical Trial","Thomas JS, Clark BC, Russ DW, France CR, Ploutz-Snyder R, Corcos DM; RELIEF Study Investigators.","JAMA Netw Open. 2020 Aug 3;3(8):e2012589. doi: 10.1001/jamanetworkopen.2020.12589.","Thomas JS","JAMA Netw Open","2020","2020/08/07","PMC7407093","","10.1001/jamanetworkopen.2020.12589"
"42271035","Combined effects of photobiomodulation and osteopathic manipulation on the physical performance of young adults subjected to exercise-induced muscle damage: a randomized placebo-controlled trial","Freitas JC, Bocchi M, Rodrigues Junior BA, Machado MRF, Rezende HHA, de Oliveira DM, Fernandes EV.","Lasers Med Sci. 2026 Jun 11;41(1):113. doi: 10.1007/s10103-026-04907-3.","Freitas JC","Lasers Med Sci","2026","2026/06/10","PMC13253767","","10.1007/s10103-026-04907-3"
"29861216","The immediate effect of osteopathic cervical spine mobilization on median nerve mechanosensitivity: A triple-blind, randomized, placebo-controlled trial","Whelan G, Johnston R, Millward C, Edwards DJ.","J Bodyw Mov Ther. 2018 Apr;22(2):252-260. doi: 10.1016/j.jbmt.2017.05.009. Epub 2017 May 18.","Whelan G","J Bodyw Mov Ther","2018","2018/06/05","","","10.1016/j.jbmt.2017.05.009"
"32081945","Effect of manual approaches with osteopathic modality on brain correlates of interoception: an fMRI study","Cerritelli F, Chiacchiaretta P, Gambi F, Perrucci MG, Barassi G, Visciano C, Bellomo RG, Saggini R, Ferretti A.","Sci Rep. 2020 Feb 21;10(1):3214. doi: 10.1038/s41598-020-60253-6.","Cerritelli F","Sci Rep","2020","2020/02/22","PMC7035282","","10.1038/s41598-020-60253-6"
"28109570","Osteopathic Manipulative Treatment Improves Heart Surgery Outcomes: A Randomized Controlled Trial","Racca V, Bordoni B, Castiglioni P, Modica M, Ferratini M.","Ann Thorac Surg. 2017 Jul;104(1):145-152. doi: 10.1016/j.athoracsur.2016.09.110. Epub 2017 Jan 18.","Racca V","Ann Thorac Surg","2017","2017/01/23","","","10.1016/j.athoracsur.2016.09.110"
"28215058","Effect of cervical vs. thoracic spinal manipulation on peripheral neural features and grip strength in subjects with chronic mechanical neck pain: a randomized controlled trial","Bautista-Aguirre F, Oliva-Pascual-Vaca Á, Heredia-Rizo AM, Boscá-Gandía JJ, Ricard F, Rodriguez-Blanco C.","Eur J Phys Rehabil Med. 2017 Jun;53(3):333-341. doi: 10.23736/S1973-9087.17.04431-8. Epub 2017 Feb 17.","Bautista-Aguirre F","Eur J Phys Rehabil Med","2017","2017/02/21","","","10.23736/S1973-9087.17.04431-8"
"31987245","Isometric osteopathic manipulation influences on cervical ranges of motion and correlation with osteopathic palpatory diagnosis: A randomized trial","Niewiadomski C, Bianco RJ, Arnoux PJ, Evin M.","Complement Ther Med. 2020 Jan;48:102278. doi: 10.1016/j.ctim.2019.102278. Epub 2019 Dec 16.","Niewiadomski C","Complement Ther Med","2020","2020/01/29","","","10.1016/j.ctim.2019.102278"
"39360510","Effects of osteopathic manipulative treatment associated with transcranial direct current stimulation in individuals with chronic low back pain: A double-blind, randomised placebo-controlled trial","Armbrust D, Arêas GPT, Fonseca CL, Arêas FZDS, Duarte NAC, Santana SAA, Dumont AJL, Neto HP, Oliveira CS.","Clin Rehabil. 2024 Dec;38(12):1609-1621. doi: 10.1177/02692155241274718. Epub 2024 Oct 3.","Armbrust D","Clin Rehabil","2024","2024/10/03","","","10.1177/02692155241274718"
"32091560","Assessment and Management of Somatic Dysfunctions in Patients With Patellofemoral Pain Syndrome","Tramontano M, Pagnotta S, Lunghi C, Manzo C, Manzo F, Consolo S, Manzo V.","J Am Osteopath Assoc. 2020 Mar 1;120(3):165-173. doi: 10.7556/jaoa.2020.029.","Tramontano M","J Am Osteopath Assoc","2020","2020/02/25","","","10.7556/jaoa.2020.029"
"41957920","Osteopathic Visceral Manipulation on Functional Constipation in Obese Adults: A Randomized Controlled Clinical Trial","Zidan MS, Elfahl AM, Elrefaey BH, Ibrahim ZM, Elfeky HM.","J Integr Complement Med. 2026 Aug;32(8):684-691. doi: 10.1177/27683605261427696. Epub 2026 Apr 9.","Zidan MS","J Integr Complement Med","2026","2026/04/10","","","10.1177/27683605261427696"
